link,Product Name,Variant,Stock Availability,Pricing,Category
https://www.lazada.com.my/products/honor-magicbook-x15-i3-2021-space-grey-8gb-ram-256gb-original-1-year-warranty-by-honor-malaysia-i2608649455-s11730638464.html?mp=1&freeshipping=1,HONOR MagicBook X15 i3 2021 Space Grey 8GB RAM 256GB (Original) 1 Year Warranty by Honor Malaysia,Space Grey ,1,RM2299.00,Traditional Laptops
https://www.lazada.com.my/products/huawei-matepad-t10s-23gb3264gb-original-huawei-malaysai-ready-stock-i2019269555.html,HUAWEI MATEPAD T10S  (2/3GB+32/64GB) [ORIGINAL HUAWEI MALAYSAI] *(READY STOCK),32GB Deepsea Blue ,0,RM829.00,Smartphones
https://www.lazada.com.my/products/huawei-matepad-t10s-23gb3264gb-original-huawei-malaysai-ready-stock-i2019269555.html,HUAWEI MATEPAD T10S  (2/3GB+32/64GB) [ORIGINAL HUAWEI MALAYSAI] *(READY STOCK),64GB Deepsea Blue ,0,RM949.00,Smartphones
https://www.lazada.com.my/products/huawei-nova-8i-8gb128gb-original-huawei-malaysia-nova-8i-i2324627088.html,HUAWEI NOVA 8i (8GB+128GB) [ORIGINAL HUAWEI MALAYSIA] *NOVA 8i,MOONLIGHT SILVER ,0,RM1185.00,Smartphones
https://www.lazada.com.my/products/huawei-nova-8i-8gb128gb-original-huawei-malaysia-nova-8i-i2324627088.html,HUAWEI NOVA 8i (8GB+128GB) [ORIGINAL HUAWEI MALAYSIA] *NOVA 8i,INTERSTELLAR BLUE ,0,RM1185.00,Smartphones
https://www.lazada.com.my/products/huawei-nova-8i-8gb128gb-original-huawei-malaysia-nova-8i-i2324627088.html,HUAWEI NOVA 8i (8GB+128GB) [ORIGINAL HUAWEI MALAYSIA] *NOVA 8i,STARRY BLACK ,0,RM1185.00,Smartphones
https://www.lazada.com.my/products/infinix-hot-10-6gb128gbnew-model-original-infinix-malaysiaready-stock-i2394829859.html,INFINIX HOT 10 (6GB+128GB)NEW MODEL [ORIGINAL INFINIX MALAYSIA](READY STOCK),Moonlight Jade ,0,RM599.00,Smartphones
https://www.lazada.com.my/products/infinix-hot-10-6gb128gbnew-model-original-infinix-malaysiaready-stock-i2394829859.html,INFINIX HOT 10 (6GB+128GB)NEW MODEL [ORIGINAL INFINIX MALAYSIA](READY STOCK),Ocean Wave ,0,RM599.00,Smartphones
https://www.lazada.com.my/products/infinix-hot-10-6gb128gbnew-model-original-infinix-malaysiaready-stock-i2394829859.html,INFINIX HOT 10 (6GB+128GB)NEW MODEL [ORIGINAL INFINIX MALAYSIA](READY STOCK),Obsidian Black ,0,RM599.00,Smartphones
https://www.lazada.com.my/products/infinix-note-10-6gb128gbnew-model-original-infinix-malaysiaready-stock-i2394787430.html,INFINIX NOTE 10 (6GB+128GB)NEW MODEL [ORIGINAL INFINIX MALAYSIA](READY STOCK),EMERALD GREEN ,0,RM669.00,Smartphones
https://www.lazada.com.my/products/infinix-note-10-6gb128gbnew-model-original-infinix-malaysiaready-stock-i2394787430.html,INFINIX NOTE 10 (6GB+128GB)NEW MODEL [ORIGINAL INFINIX MALAYSIA](READY STOCK),95° BLACK ,0,RM669.00,Smartphones
https://www.lazada.com.my/products/infinix-note-10-6gb128gbnew-model-original-infinix-malaysiaready-stock-i2394787430.html,INFINIX NOTE 10 (6GB+128GB)NEW MODEL [ORIGINAL INFINIX MALAYSIA](READY STOCK),7° PURPLE ,0,RM669.00,Smartphones
https://www.lazada.com.my/products/nokia-105-4g-2021-105-2019-dual-sim-original-nokia-malaysia-i1489512831.html,Nokia 105 4G (2021) /105 (2019) Dual Sim *[ORIGINAL NOKIA MALAYSIA] *,105 4G RED 4MB ,1,RM154.00,Smartphones
https://www.lazada.com.my/products/nokia-105-4g-2021-105-2019-dual-sim-original-nokia-malaysia-i1489512831.html,Nokia 105 4G (2021) /105 (2019) Dual Sim *[ORIGINAL NOKIA MALAYSIA] *,105 4G BLUE 4MB ,2,RM154.00,Smartphones
https://www.lazada.com.my/products/nokia-105-4g-2021-105-2019-dual-sim-original-nokia-malaysia-i1489512831.html,Nokia 105 4G (2021) /105 (2019) Dual Sim *[ORIGINAL NOKIA MALAYSIA] *,105 4G BLACK 4MB ,2,RM154.00,Smartphones
https://www.lazada.com.my/products/nokia-105-4g-2021-105-2019-dual-sim-original-nokia-malaysia-i1489512831.html,Nokia 105 4G (2021) /105 (2019) Dual Sim *[ORIGINAL NOKIA MALAYSIA] *,Black 4MB ,5,RM89.00,Smartphones
https://www.lazada.com.my/products/nokia-105-4g-2021-105-2019-dual-sim-original-nokia-malaysia-i1489512831.html,Nokia 105 4G (2021) /105 (2019) Dual Sim *[ORIGINAL NOKIA MALAYSIA] *,Blue 4MB ,5,RM89.00,Smartphones
https://www.lazada.com.my/products/nokia-105-4g-2021-105-2019-dual-sim-original-nokia-malaysia-i1489512831.html,Nokia 105 4G (2021) /105 (2019) Dual Sim *[ORIGINAL NOKIA MALAYSIA] *,Pink 4MB ,0,RM89.00,Smartphones
https://www.lazada.com.my/products/nokia-106-dual-sim-original-nokia-malaysia-i1836464068.html,Nokia 106 (Dual SIM) * [ORIGINAL NOKIA MALAYSIA] *,Dark Grey ,0,RM95.00,Smartphones
https://www.lazada.com.my/products/nokia-110-4g-new-2021-dual-sim-original-nokia-malaysia-i2031140070.html,Nokia 110 4G (NEW 2021) (Dual SIM) * [ORIGINAL NOKIA MALAYSIA] *,Blue ,2,RM174.00,Smartphones
https://www.lazada.com.my/products/nokia-110-4g-new-2021-dual-sim-original-nokia-malaysia-i2031140070.html,Nokia 110 4G (NEW 2021) (Dual SIM) * [ORIGINAL NOKIA MALAYSIA] *,Black ,2,RM174.00,Smartphones
https://www.lazada.com.my/products/nokia-150-2020-new-model-no-chinese-language-original-nokia-malaysia-i2019325811.html,NOKIA 150 (2020) NEW MODEL NO CHINESE LANGUAGE * [ORIGINAL NOKIA MALAYSIA] *,Black ,0,RM153.00,Smartphones
https://www.lazada.com.my/products/nokia-150-2020-new-model-no-chinese-language-original-nokia-malaysia-i2019325811.html,NOKIA 150 (2020) NEW MODEL NO CHINESE LANGUAGE * [ORIGINAL NOKIA MALAYSIA] *,Red ,0,RM153.00,Smartphones
https://www.lazada.com.my/products/nokia-150-2020-new-model-no-chinese-language-original-nokia-malaysia-i2019325811.html,NOKIA 150 (2020) NEW MODEL NO CHINESE LANGUAGE * [ORIGINAL NOKIA MALAYSIA] *,Cyan ,0,RM153.00,Smartphones
https://www.lazada.com.my/products/nokia-210-dual-sim-original-nokia-malaysia-ready-stock-i1836474222.html,Nokia 210 (Dual SIM) * [ORIGINAL NOKIA MALAYSIA] *READY STOCK,Grey ,0,RM148.00,Smartphones
https://www.lazada.com.my/products/nokia-210-dual-sim-original-nokia-malaysia-ready-stock-i1836474222.html,Nokia 210 (Dual SIM) * [ORIGINAL NOKIA MALAYSIA] *READY STOCK,Black ,2,RM148.00,Smartphones
https://www.lazada.com.my/products/nokia-210-dual-sim-original-nokia-malaysia-ready-stock-i1836474222.html,Nokia 210 (Dual SIM) * [ORIGINAL NOKIA MALAYSIA] *READY STOCK,Red ,2,RM148.00,Smartphones
https://www.lazada.com.my/products/nokia-225-4g-new-2021-dual-sim-original-nokia-malaysia-i2031040461.html,Nokia 225 (4G) NEW 2021 (Dual SIM) * [ORIGINAL NOKIA MALAYSIA] *,Black ,2,RM189.00,Smartphones
https://www.lazada.com.my/products/nokia-225-4g-new-2021-dual-sim-original-nokia-malaysia-i2031040461.html,Nokia 225 (4G) NEW 2021 (Dual SIM) * [ORIGINAL NOKIA MALAYSIA] *,Sand ,2,RM189.00,Smartphones
https://www.lazada.com.my/products/nokia-6300-4g-2021-new-model-original-nokia-malaysia-i2506914718.html,Nokia 6300-4G (2021 NEW MODEL) *[ORIGINAL NOKIA MALAYSIA] *,CHARCOAL ,0,RM299.00,Smartphones
https://www.lazada.com.my/products/oppo-a54-4gb64128gb-original-oppo-malaysia-ready-stock-i2063114741.html,OPPO A54 (4GB+64/128GB) [ORIGINAL OPPO MALAYSIA] *(READY STOCK),CRYSTAL BLACK 4GB+128GB ,0,RM692.00,Smartphones
https://www.lazada.com.my/products/oppo-a54-4gb64128gb-original-oppo-malaysia-ready-stock-i2063114741.html,OPPO A54 (4GB+64/128GB) [ORIGINAL OPPO MALAYSIA] *(READY STOCK),STARRY BLUE 4GB+128GB ,0,RM692.00,Smartphones
https://www.lazada.com.my/products/oppo-a74-74-5g-6gb64128gb-original-oppo-malaysia-ready-stock-i2280106862.html,OPPO A74 / 74 (5G) (6GB+64/128GB) [ORIGINAL OPPO MALAYSIA] * (READY STOCK),A74 (5G) Silver ,0,RM1099.00,Smartphones
https://www.lazada.com.my/products/oppo-a74-74-5g-6gb64128gb-original-oppo-malaysia-ready-stock-i2280106862.html,OPPO A74 / 74 (5G) (6GB+64/128GB) [ORIGINAL OPPO MALAYSIA] * (READY STOCK),A74 Prism Black ,0,RM899.00,Smartphones
https://www.lazada.com.my/products/oppo-a74-74-5g-6gb64128gb-original-oppo-malaysia-ready-stock-i2280106862.html,OPPO A74 / 74 (5G) (6GB+64/128GB) [ORIGINAL OPPO MALAYSIA] * (READY STOCK),A74 (5G) Black ,0,RM1099.00,Smartphones
https://www.lazada.com.my/products/oppo-a74-74-5g-6gb64128gb-original-oppo-malaysia-ready-stock-i2280106862.html,OPPO A74 / 74 (5G) (6GB+64/128GB) [ORIGINAL OPPO MALAYSIA] * (READY STOCK),A74 Midnight Blue ,0,RM899.00,Smartphones
https://www.lazada.com.my/products/oppo-a766128gb-original-malaysia-set-i2811862668.html,OPPO A76(6+128GB) ORIGINAL MALAYSIA SET,Glowing Blue ,0,RM899.00,Smartphones
https://www.lazada.com.my/products/oppo-a766128gb-original-malaysia-set-i2811862668.html,OPPO A76(6+128GB) ORIGINAL MALAYSIA SET,Glowing Black ,0,RM899.00,Smartphones
https://www.lazada.com.my/products/oppo-a95-8gb-5gb-extended-128gbready-stock-i2638400735.html,OPPO A95 (8GB +5GB EXTENDED + 128GB)(READY STOCK),STARRY BLACK ,5,RM1099.00,Smartphones
https://www.lazada.com.my/products/oppo-a95-8gb-5gb-extended-128gbready-stock-i2638400735.html,OPPO A95 (8GB +5GB EXTENDED + 128GB)(READY STOCK),RAINBOW SILVER ,5,RM1099.00,Smartphones
https://www.lazada.com.my/products/oppo-reno-66-pro6z5f5-5-pro-5g-8gb12gb-128gb256gb-original-oppo-malaysiaready-stock-i1937644220.html,OPPO RENO 6/6 Pro/6Z/5F/5 & 5 PRO (5G) (8GB/12GB +128GB/256GB) [ORIGINAL OPPO MALAYSIA](READY STOCK),6 Auora ,0,RM2089.00,Smartphones
https://www.lazada.com.my/products/oppo-reno-66-pro6z5f5-5-pro-5g-8gb12gb-128gb256gb-original-oppo-malaysiaready-stock-i1937644220.html,OPPO RENO 6/6 Pro/6Z/5F/5 & 5 PRO (5G) (8GB/12GB +128GB/256GB) [ORIGINAL OPPO MALAYSIA](READY STOCK),6Z Stellar Black ,0,RM1479.00,Smartphones
https://www.lazada.com.my/products/oppo-reno-66-pro6z5f5-5-pro-5g-8gb12gb-128gb256gb-original-oppo-malaysiaready-stock-i1937644220.html,OPPO RENO 6/6 Pro/6Z/5F/5 & 5 PRO (5G) (8GB/12GB +128GB/256GB) [ORIGINAL OPPO MALAYSIA](READY STOCK),6Z Aurora ,0,RM1479.00,Smartphones
https://www.lazada.com.my/products/oppo-reno-66-pro6z5f5-5-pro-5g-8gb12gb-128gb256gb-original-oppo-malaysiaready-stock-i1937644220.html,OPPO RENO 6/6 Pro/6Z/5F/5 & 5 PRO (5G) (8GB/12GB +128GB/256GB) [ORIGINAL OPPO MALAYSIA](READY STOCK),6 Pro Lunar Grey ,0,RM2699.00,Smartphones
https://www.lazada.com.my/products/oppo-reno-66-pro6z5f5-5-pro-5g-8gb12gb-128gb256gb-original-oppo-malaysiaready-stock-i1937644220.html,OPPO RENO 6/6 Pro/6Z/5F/5 & 5 PRO (5G) (8GB/12GB +128GB/256GB) [ORIGINAL OPPO MALAYSIA](READY STOCK),6 Pro Artic Blue ,0,RM2699.00,Smartphones
https://www.lazada.com.my/products/oppo-reno-66-pro6z5f5-5-pro-5g-8gb12gb-128gb256gb-original-oppo-malaysiaready-stock-i1937644220.html,OPPO RENO 6/6 Pro/6Z/5F/5 & 5 PRO (5G) (8GB/12GB +128GB/256GB) [ORIGINAL OPPO MALAYSIA](READY STOCK),5F Crystal Silver ,0,RM989.00,Smartphones
https://www.lazada.com.my/products/oppo-reno-66-pro6z5f5-5-pro-5g-8gb12gb-128gb256gb-original-oppo-malaysiaready-stock-i1937644220.html,OPPO RENO 6/6 Pro/6Z/5F/5 & 5 PRO (5G) (8GB/12GB +128GB/256GB) [ORIGINAL OPPO MALAYSIA](READY STOCK),5F Fantastic Purple ,0,RM989.00,Smartphones
https://www.lazada.com.my/products/oppo-reno-66-pro6z5f5-5-pro-5g-8gb12gb-128gb256gb-original-oppo-malaysiaready-stock-i1937644220.html,OPPO RENO 6/6 Pro/6Z/5F/5 & 5 PRO (5G) (8GB/12GB +128GB/256GB) [ORIGINAL OPPO MALAYSIA](READY STOCK),5F Fluid Black ,0,RM989.00,Smartphones
https://www.lazada.com.my/products/oppo-reno-66-pro6z5f5-5-pro-5g-8gb12gb-128gb256gb-original-oppo-malaysiaready-stock-i1937644220.html,OPPO RENO 6/6 Pro/6Z/5F/5 & 5 PRO (5G) (8GB/12GB +128GB/256GB) [ORIGINAL OPPO MALAYSIA](READY STOCK),6 Stellar Black ,0,RM2089.00,Smartphones
https://www.lazada.com.my/products/realme-c21-3gb32gb-original-realme-malaysia-i2025206275.html,REALME C21 (3GB+32GB) *ORIGINAL REALME MALAYSIA*,Cross Blue ,0,RM459.00,Smartphones
https://www.lazada.com.my/products/realme-c21-3gb32gb-original-realme-malaysia-i2025206275.html,REALME C21 (3GB+32GB) *ORIGINAL REALME MALAYSIA*,Cross Black ,0,RM459.00,Smartphones
https://www.lazada.com.my/products/redmi-10c4gb64128gb-original-xiaomi-malaysia-10c-ready-stock-i2888409397.html,REDMI 10C(4GB+64/128GB) [ORIGINAL XIAOMI MALAYSIA] 10C *READY STOCK,Ocean Blue Mint Green 4+128GB ,2,RM629.00,Smartphones
https://www.lazada.com.my/products/redmi-10c4gb64128gb-original-xiaomi-malaysia-10c-ready-stock-i2888409397.html,REDMI 10C(4GB+64/128GB) [ORIGINAL XIAOMI MALAYSIA] 10C *READY STOCK,Ocean Blue 4+64GB ,2,RM559.00,Smartphones
https://www.lazada.com.my/products/redmi-10c4gb64128gb-original-xiaomi-malaysia-10c-ready-stock-i2888409397.html,REDMI 10C(4GB+64/128GB) [ORIGINAL XIAOMI MALAYSIA] 10C *READY STOCK,Mint Green Mint Green 4+128GB 4+128GB ,2,RM629.00,Smartphones
https://www.lazada.com.my/products/redmi-10c4gb64128gb-original-xiaomi-malaysia-10c-ready-stock-i2888409397.html,REDMI 10C(4GB+64/128GB) [ORIGINAL XIAOMI MALAYSIA] 10C *READY STOCK,Mint Green 4+128GB 4+64GB ,2,RM559.00,Smartphones
https://www.lazada.com.my/products/redmi-10c4gb64128gb-original-xiaomi-malaysia-10c-ready-stock-i2888409397.html,REDMI 10C(4GB+64/128GB) [ORIGINAL XIAOMI MALAYSIA] 10C *READY STOCK,Graphite Gray Mint Green 4+128GB ,2,RM629.00,Smartphones
https://www.lazada.com.my/products/redmi-10c4gb64128gb-original-xiaomi-malaysia-10c-ready-stock-i2888409397.html,REDMI 10C(4GB+64/128GB) [ORIGINAL XIAOMI MALAYSIA] 10C *READY STOCK,Graphite Gray 4+64GB ,2,RM559.00,Smartphones
https://www.lazada.com.my/products/redmi-9a-2gb32gb-original-xiaomi-malaysia-i1732434547.html,REDMI 9A (2GB+32GB) *ORIGINAL XIAOMI MALAYSIA*,Peacock Green 2GB+32GB ,2,RM359.00,Smartphones
https://www.lazada.com.my/products/redmi-9a-2gb32gb-original-xiaomi-malaysia-i1732434547.html,REDMI 9A (2GB+32GB) *ORIGINAL XIAOMI MALAYSIA*,Sky Blue 2GB+32GB ,2,RM359.00,Smartphones
https://www.lazada.com.my/products/redmi-9a-2gb32gb-original-xiaomi-malaysia-i1732434547.html,REDMI 9A (2GB+32GB) *ORIGINAL XIAOMI MALAYSIA*,Granite Grey 2GB+32GB ,2,RM359.00,Smartphones
https://www.lazada.com.my/products/redmi-note-10-pro8gb128gb-original-xiaomi-malaysia-ready-stock-xiaomi-redmi-i2027230587.html,REDMI NOTE 10 PRO(8GB+128GB) [ORIGINAL XIAOMI MALAYSIA] * (READY STOCK) XIAOMI REDMI,Onyx Gray ,0,RM1179.00,Smartphones
https://www.lazada.com.my/products/redmi-note-10-pro8gb128gb-original-xiaomi-malaysia-ready-stock-xiaomi-redmi-i2027230587.html,REDMI NOTE 10 PRO(8GB+128GB) [ORIGINAL XIAOMI MALAYSIA] * (READY STOCK) XIAOMI REDMI,Gradient Bronze ,0,RM1179.00,Smartphones
https://www.lazada.com.my/products/redmi-note-10-pro8gb128gb-original-xiaomi-malaysia-ready-stock-xiaomi-redmi-i2027230587.html,REDMI NOTE 10 PRO(8GB+128GB) [ORIGINAL XIAOMI MALAYSIA] * (READY STOCK) XIAOMI REDMI,Glacier Blue ,0,RM1179.00,Smartphones
https://www.lazada.com.my/products/redmi-note-10105g10s6gb8gb128gboriginal-xiaomi-malaysia-ready-stock-i2021009211.html,REDMI NOTE 10/10(5G)/10S(6GB/8GB+128GB)[ORIGINAL XIAOMI MALAYSIA] * (READY STOCK),Note 10S Blue 128GB ,0,RM899.00,Smartphones
https://www.lazada.com.my/products/redmi-note-10105g10s6gb8gb128gboriginal-xiaomi-malaysia-ready-stock-i2021009211.html,REDMI NOTE 10/10(5G)/10S(6GB/8GB+128GB)[ORIGINAL XIAOMI MALAYSIA] * (READY STOCK),Note 10S Gray 128GB ,0,RM899.00,Smartphones
https://www.lazada.com.my/products/redmi-note-11-11s10s6gb8gb128gboriginal-xiaomi-malaysia-ready-stock-i2804862797.html,REDMI NOTE 11/ 11S/10S(6GB/8GB+128GB)[ORIGINAL XIAOMI MALAYSIA] * (READY STOCK),NOTE 11 T. BLUE ,2,RM799.00,Smartphones
https://www.lazada.com.my/products/redmi-note-11-11s10s6gb8gb128gboriginal-xiaomi-malaysia-ready-stock-i2804862797.html,REDMI NOTE 11/ 11S/10S(6GB/8GB+128GB)[ORIGINAL XIAOMI MALAYSIA] * (READY STOCK),NOTE 11 STAR BLUE ,2,RM799.00,Smartphones
https://www.lazada.com.my/products/redmi-note-11-11s10s6gb8gb128gboriginal-xiaomi-malaysia-ready-stock-i2804862797.html,REDMI NOTE 11/ 11S/10S(6GB/8GB+128GB)[ORIGINAL XIAOMI MALAYSIA] * (READY STOCK),NOTE 11 GREY ,2,RM799.00,Smartphones
https://www.lazada.com.my/products/redmi-note-11-11s10s6gb8gb128gboriginal-xiaomi-malaysia-ready-stock-i2804862797.html,REDMI NOTE 11/ 11S/10S(6GB/8GB+128GB)[ORIGINAL XIAOMI MALAYSIA] * (READY STOCK),NOTE 11S T. BLUE ,2,RM999.00,Smartphones
https://www.lazada.com.my/products/redmi-note-11-11s10s6gb8gb128gboriginal-xiaomi-malaysia-ready-stock-i2804862797.html,REDMI NOTE 11/ 11S/10S(6GB/8GB+128GB)[ORIGINAL XIAOMI MALAYSIA] * (READY STOCK),NOTE 11S GREY ,2,RM999.00,Smartphones
https://www.lazada.com.my/products/samsung-galaxy-a03-34gb3264gb-original-samsung-malaysia-i2795057599.html,SAMSUNG GALAXY A03 (3/4GB+32/64GB) *[ORIGINAL SAMSUNG MALAYSIA]*,RED 64GB ,5,RM549.00,Smartphones
https://www.lazada.com.my/products/samsung-galaxy-a03-34gb3264gb-original-samsung-malaysia-i2795057599.html,SAMSUNG GALAXY A03 (3/4GB+32/64GB) *[ORIGINAL SAMSUNG MALAYSIA]*,RED 32GB ,0,RM469.00,Smartphones
https://www.lazada.com.my/products/samsung-galaxy-a03-34gb3264gb-original-samsung-malaysia-i2795057599.html,SAMSUNG GALAXY A03 (3/4GB+32/64GB) *[ORIGINAL SAMSUNG MALAYSIA]*,BLACK 64GB ,2,RM549.00,Smartphones
https://www.lazada.com.my/products/samsung-galaxy-a03-34gb3264gb-original-samsung-malaysia-i2795057599.html,SAMSUNG GALAXY A03 (3/4GB+32/64GB) *[ORIGINAL SAMSUNG MALAYSIA]*,BLACK 32GB ,2,RM469.00,Smartphones
https://www.lazada.com.my/products/samsung-galaxy-a03-34gb3264gb-original-samsung-malaysia-i2795057599.html,SAMSUNG GALAXY A03 (3/4GB+32/64GB) *[ORIGINAL SAMSUNG MALAYSIA]*,BLUE 64GB ,2,RM549.00,Smartphones
https://www.lazada.com.my/products/samsung-galaxy-a03-34gb3264gb-original-samsung-malaysia-i2795057599.html,SAMSUNG GALAXY A03 (3/4GB+32/64GB) *[ORIGINAL SAMSUNG MALAYSIA]*,BLUE 32GB ,1,RM469.00,Smartphones
https://www.lazada.com.my/products/samsung-galaxy-a03s-4gb64gb-original-samsung-malaysia-i2453569979.html,SAMSUNG GALAXY A03S (4GB+64GB) *[ORIGINAL SAMSUNG MALAYSIA]*,White ,0,RM538.00,Smartphones
https://www.lazada.com.my/products/samsung-galaxy-a03s-4gb64gb-original-samsung-malaysia-i2453569979.html,SAMSUNG GALAXY A03S (4GB+64GB) *[ORIGINAL SAMSUNG MALAYSIA]*,Black ,0,RM538.00,Smartphones
https://www.lazada.com.my/products/samsung-galaxy-a03s-4gb64gb-original-samsung-malaysia-i2453569979.html,SAMSUNG GALAXY A03S (4GB+64GB) *[ORIGINAL SAMSUNG MALAYSIA]*,Blue ,0,RM538.00,Smartphones
https://www.lazada.com.my/products/samsung-galaxy-a12-6gb128gbnew-original-samsung-malaysia-i1834248700.html,SAMSUNG GALAXY A12 (6GB+128GB)NEW *[ORIGINAL SAMSUNG MALAYSIA]*,Black ,0,RM659.00,Smartphones
https://www.lazada.com.my/products/samsung-galaxy-a12-6gb128gbnew-original-samsung-malaysia-i1834248700.html,SAMSUNG GALAXY A12 (6GB+128GB)NEW *[ORIGINAL SAMSUNG MALAYSIA]*,Blue ,0,RM659.00,Smartphones
https://www.lazada.com.my/products/samsung-galaxy-a136gb128gbnew-original-samsung-malaysia-i2885938228.html,SAMSUNG GALAXY A13(6GB+128GB)NEW *[ORIGINAL SAMSUNG MALAYSIA]*,A13 Blue ,1,RM799.00,Smartphones
https://www.lazada.com.my/products/samsung-galaxy-a136gb128gbnew-original-samsung-malaysia-i2885938228.html,SAMSUNG GALAXY A13(6GB+128GB)NEW *[ORIGINAL SAMSUNG MALAYSIA]*,A13 Peach ,0,RM799.00,Smartphones
https://www.lazada.com.my/products/samsung-galaxy-a136gb128gbnew-original-samsung-malaysia-i2885938228.html,SAMSUNG GALAXY A13(6GB+128GB)NEW *[ORIGINAL SAMSUNG MALAYSIA]*,A13 Black ,2,RM799.00,Smartphones
https://www.lazada.com.my/products/samsung-galaxy-a22-lte-a22-5g-8gb128gbnew-model-original-samsung-malaysiaa22-5gready-stock-i2274911606.html,SAMSUNG GALAXY A22 LTE/ A22 (5G) (8GB+128GB)NEW MODEL [ORIGINAL SAMSUNG MALAYSIA]*A22 5G*(READY STOCK),A22 LTE Gray ,0,RM799.00,Smartphones
https://www.lazada.com.my/products/samsung-galaxy-a22-lte-a22-5g-8gb128gbnew-model-original-samsung-malaysiaa22-5gready-stock-i2274911606.html,SAMSUNG GALAXY A22 LTE/ A22 (5G) (8GB+128GB)NEW MODEL [ORIGINAL SAMSUNG MALAYSIA]*A22 5G*(READY STOCK),A22 (5G) Mint ,0,RM925.00,Smartphones
https://www.lazada.com.my/products/samsung-galaxy-a22-lte-a22-5g-8gb128gbnew-model-original-samsung-malaysiaa22-5gready-stock-i2274911606.html,SAMSUNG GALAXY A22 LTE/ A22 (5G) (8GB+128GB)NEW MODEL [ORIGINAL SAMSUNG MALAYSIA]*A22 5G*(READY STOCK),A22 LTE Violet ,0,RM799.00,Smartphones
https://www.lazada.com.my/products/samsung-galaxy-a23-lte-6gb128gbnew-model-original-samsung-malaysia-i2885763883.html,SAMSUNG GALAXY A23 LTE (6GB+128GB)NEW MODEL [ORIGINAL SAMSUNG MALAYSIA],A23 Black ,3,RM999.00,Smartphones
https://www.lazada.com.my/products/samsung-galaxy-a23-lte-6gb128gbnew-model-original-samsung-malaysia-i2885763883.html,SAMSUNG GALAXY A23 LTE (6GB+128GB)NEW MODEL [ORIGINAL SAMSUNG MALAYSIA],A23 Blue ,1,RM999.00,Smartphones
https://www.lazada.com.my/products/samsung-galaxy-a23-lte-6gb128gbnew-model-original-samsung-malaysia-i2885763883.html,SAMSUNG GALAXY A23 LTE (6GB+128GB)NEW MODEL [ORIGINAL SAMSUNG MALAYSIA],A23 Peach ,1,RM999.00,Smartphones
https://www.lazada.com.my/products/samsung-galaxy-a32-lte-5g-8gb-128gb-original-samsung-malaysia-i2057370936.html,SAMSUNG GALAXY A32 LTE /(5G) (8GB + 128GB) *【ORIGINAL SAMSUNG MALAYSIA】*,A32 (LTE) VIOLET 128GB ,0,RM925.00,Smartphones
https://www.lazada.com.my/products/samsung-galaxy-a32-lte-5g-8gb-128gb-original-samsung-malaysia-i2057370936.html,SAMSUNG GALAXY A32 LTE /(5G) (8GB + 128GB) *【ORIGINAL SAMSUNG MALAYSIA】*,A32 (5G) VIOLET 128GB ,0,RM1089.00,Smartphones
https://www.lazada.com.my/products/samsung-galaxy-a32-lte-5g-8gb-128gb-original-samsung-malaysia-i2057370936.html,SAMSUNG GALAXY A32 LTE /(5G) (8GB + 128GB) *【ORIGINAL SAMSUNG MALAYSIA】*,A32 (LTE)  BLACK 128GB ,0,RM925.00,Smartphones
https://www.lazada.com.my/products/samsung-galaxy-a32-lte-5g-8gb-128gb-original-samsung-malaysia-i2057370936.html,SAMSUNG GALAXY A32 LTE /(5G) (8GB + 128GB) *【ORIGINAL SAMSUNG MALAYSIA】*,A32 (LTE) BLUE 128GB ,0,RM925.00,Smartphones
https://www.lazada.com.my/products/samsung-galaxy-a52s-a52-5g-a52-lte-8gb256gb-original-samsung-malaysia-i2053922723.html,SAMSUNG GALAXY A52S & A52 (5G) /A52 LTE/ (8GB+256GB) *[ORIGINAL SAMSUNG MALAYSIA]*,AWESOME MINT 256GB A52S 5G ,2,RM1729.00,Smartphones
https://www.lazada.com.my/products/samsung-galaxy-a52s-a52-5g-a52-lte-8gb256gb-original-samsung-malaysia-i2053922723.html,SAMSUNG GALAXY A52S & A52 (5G) /A52 LTE/ (8GB+256GB) *[ORIGINAL SAMSUNG MALAYSIA]*,AWESOME VIOLET 256GB A52S 5G ,2,RM1729.00,Smartphones
https://www.lazada.com.my/products/samsung-galaxy-a52s-a52-5g-a52-lte-8gb256gb-original-samsung-malaysia-i2053922723.html,SAMSUNG GALAXY A52S & A52 (5G) /A52 LTE/ (8GB+256GB) *[ORIGINAL SAMSUNG MALAYSIA]*,AWESOME BLACK 256GB A52S 5G ,2,RM1729.00,Smartphones
https://www.lazada.com.my/products/vivo-v23124gb-extended-ram25gb-5g-original-vivo-malaysia-ready-stock-i2778621371.html,VIVO V23(12+4GB EXTENDED RAM/25GB) 5G   *[ORIGINAL VIVO MALAYSIA] *READY STOCK,SUNSHINE GOLD ,2,RM2099.00,Smartphones
https://www.lazada.com.my/products/vivo-v23124gb-extended-ram25gb-5g-original-vivo-malaysia-ready-stock-i2778621371.html,VIVO V23(12+4GB EXTENDED RAM/25GB) 5G   *[ORIGINAL VIVO MALAYSIA] *READY STOCK,STARDUST BLACK ,2,RM2099.00,Smartphones
https://www.lazada.com.my/products/vivo-v23e-lte-5g-8gb128gb-original-vivo-malaysia-ready-stock-i2681032330.html,VIVO V23e LTE & 5G (8GB+128GB) *[ORIGINAL VIVO MALAYSIA] *READY STOCK,V23e LTE M.SHADOW ,0,RM1230.00,Smartphones
https://www.lazada.com.my/products/vivo-v23e-lte-5g-8gb128gb-original-vivo-malaysia-ready-stock-i2681032330.html,VIVO V23e LTE & 5G (8GB+128GB) *[ORIGINAL VIVO MALAYSIA] *READY STOCK,V23e 5G M.SHADOW ,2,RM1400.00,Smartphones
https://www.lazada.com.my/products/vivo-v23e-lte-5g-8gb128gb-original-vivo-malaysia-ready-stock-i2681032330.html,VIVO V23e LTE & 5G (8GB+128GB) *[ORIGINAL VIVO MALAYSIA] *READY STOCK,V23e LTE S.COAST ,0,RM1230.00,Smartphones
https://www.lazada.com.my/products/vivo-v23e-lte-5g-8gb128gb-original-vivo-malaysia-ready-stock-i2681032330.html,VIVO V23e LTE & 5G (8GB+128GB) *[ORIGINAL VIVO MALAYSIA] *READY STOCK,V23e 5G S.COAST ,2,RM1400.00,Smartphones
https://www.lazada.com.my/products/vivo-y20-4gb64gb-original-vivo-malaysia-ready-stock-i1566768253.html,VIVO Y20 (4GB+64GB) [ORIGINAL VIVO MALAYSIA] *READY STOCK*,Dawn White 64GB ,0,RM599.00,Smartphones
https://www.lazada.com.my/products/vivo-y20-4gb64gb-original-vivo-malaysia-ready-stock-i1566768253.html,VIVO Y20 (4GB+64GB) [ORIGINAL VIVO MALAYSIA] *READY STOCK*,Nebula Blue 64GB ,0,RM599.00,Smartphones
https://www.lazada.com.my/products/vivo-y20s-8gb128gb-original-vivo-malaysia-ready-stock-i1738428110.html,VIVO Y20S (8GB+128GB) *[ORIGINAL VIVO MALAYSIA] *READY STOCK,Obsidian Black ,5,RM765.00,Smartphones
https://www.lazada.com.my/products/vivo-y20s-8gb128gb-original-vivo-malaysia-ready-stock-i1738428110.html,VIVO Y20S (8GB+128GB) *[ORIGINAL VIVO MALAYSIA] *READY STOCK,Purist Blue ,5,RM765.00,Smartphones
https://www.lazada.com.my/products/vivo-y33s-8gb128gb-original-vivo-malaysia-ready-stock-i2453699375.html,VIVO Y33s (8GB+128GB) [ORIGINAL VIVO MALAYSIA] *READY STOCK*,Midday Dream ,2,RM890.00,Smartphones
https://www.lazada.com.my/products/vivo-y33s-8gb128gb-original-vivo-malaysia-ready-stock-i2453699375.html,VIVO Y33s (8GB+128GB) [ORIGINAL VIVO MALAYSIA] *READY STOCK*,Mirror Black ,2,RM890.00,Smartphones
https://www.lazada.com.my/products/vivo-y76-5g-84-extended-ram-128gb-original-vivo-malaysia-ready-stock-i2650861495.html,VIVO Y76 (5G) (8+4 Extended RAM +128GB) [ORIGINAL VIVO MALAYSIA] *READY STOCK*,MIDNIGHT SPACE ,5,RM1299.00,Smartphones
https://www.lazada.com.my/products/vivo-y76-5g-84-extended-ram-128gb-original-vivo-malaysia-ready-stock-i2650861495.html,VIVO Y76 (5G) (8+4 Extended RAM +128GB) [ORIGINAL VIVO MALAYSIA] *READY STOCK*,COSMIC AURORA ,5,RM1299.00,Smartphones
https://www.lazada.com.my/products/xiaomi-11t11t-pro-812gb128gb256gb-original-xiaomi-malaysia-i2517328393.html,XIAOMI 11T/11T PRO (8/12GB+128GB/256GB) *ORIGINAL XIAOMI MALAYSIA*,11T 256GB BLUE ,0,RM1699.00,Smartphones
https://www.lazada.com.my/products/xiaomi-11t11t-pro-812gb128gb256gb-original-xiaomi-malaysia-i2517328393.html,XIAOMI 11T/11T PRO (8/12GB+128GB/256GB) *ORIGINAL XIAOMI MALAYSIA*,11T 256GB WHITE ,0,RM1699.00,Smartphones
https://www.lazada.com.my/products/xiaomi-11t11t-pro-812gb128gb256gb-original-xiaomi-malaysia-i2517328393.html,XIAOMI 11T/11T PRO (8/12GB+128GB/256GB) *ORIGINAL XIAOMI MALAYSIA*,11T 128GB WHITE ,0,RM1899.00,Smartphones
https://www.lazada.com.my/products/xiaomi-11t11t-pro-812gb128gb256gb-original-xiaomi-malaysia-i2517328393.html,XIAOMI 11T/11T PRO (8/12GB+128GB/256GB) *ORIGINAL XIAOMI MALAYSIA*,11T 128GB GRAY ,0,RM1899.00,Smartphones
https://www.lazada.com.my/products/xiaomi-11t11t-pro-812gb128gb256gb-original-xiaomi-malaysia-i2517328393.html,XIAOMI 11T/11T PRO (8/12GB+128GB/256GB) *ORIGINAL XIAOMI MALAYSIA*,11T 256GB GRAY ,0,RM1699.00,Smartphones
https://www.lazada.com.my/products/xiaomi-11t11t-pro-812gb128gb256gb-original-xiaomi-malaysia-i2517328393.html,XIAOMI 11T/11T PRO (8/12GB+128GB/256GB) *ORIGINAL XIAOMI MALAYSIA*,11T PRO 256GB BLUE ,0,RM2299.00,Smartphones
https://www.lazada.com.my/products/xiaomi-11t11t-pro-812gb128gb256gb-original-xiaomi-malaysia-i2517328393.html,XIAOMI 11T/11T PRO (8/12GB+128GB/256GB) *ORIGINAL XIAOMI MALAYSIA*,11T PRO 256GB WHITE ,0,RM2299.00,Smartphones
https://www.lazada.com.my/products/xiaomi-11t11t-pro-812gb128gb256gb-original-xiaomi-malaysia-i2517328393.html,XIAOMI 11T/11T PRO (8/12GB+128GB/256GB) *ORIGINAL XIAOMI MALAYSIA*,11T 128GB BLUE ,0,RM1899.00,Smartphones
https://www.lazada.com.my/products/xiaomi-11t11t-pro-812gb128gb256gb-original-xiaomi-malaysia-i2517328393.html,XIAOMI 11T/11T PRO (8/12GB+128GB/256GB) *ORIGINAL XIAOMI MALAYSIA*,11T PRO 256GB GRAY ,0,RM2299.00,Smartphones
https://www.lazada.com.my/products/xiaomi-mi-11-lite-5g-ne8gb128256gb-original-xiaomi-malaysia-i2063198705.html,XIAOMI MI 11 LITE  5G NE(8GB+128/256GB) *ORIGINAL XIAOMI MALAYSIA*,MI 11 LITE Blue ,0,RM1139.00,Smartphones
https://www.lazada.com.my/products/xiaomi-mi-11-lite-5g-ne8gb128256gb-original-xiaomi-malaysia-i2063198705.html,XIAOMI MI 11 LITE  5G NE(8GB+128/256GB) *ORIGINAL XIAOMI MALAYSIA*,11 LITE5G PINK 128GB ,0,RM1399.00,Smartphones
https://www.lazada.com.my/products/xiaomi-mi-11-lite-5g-ne8gb128256gb-original-xiaomi-malaysia-i2063198705.html,XIAOMI MI 11 LITE  5G NE(8GB+128/256GB) *ORIGINAL XIAOMI MALAYSIA*,11 LITE5GWHITE 128GB ,0,RM1399.00,Smartphones
https://www.lazada.com.my/products/xiaomi-mi-11-lite-5g-ne8gb128256gb-original-xiaomi-malaysia-i2063198705.html,XIAOMI MI 11 LITE  5G NE(8GB+128/256GB) *ORIGINAL XIAOMI MALAYSIA*,11 LITE5GBLACK 256GB ,0,RM1599.00,Smartphones
https://www.lazada.com.my/products/xiaomi-mi-11-lite-5g-ne8gb128256gb-original-xiaomi-malaysia-i2063198705.html,XIAOMI MI 11 LITE  5G NE(8GB+128/256GB) *ORIGINAL XIAOMI MALAYSIA*,11 LITE5GBLUE 256GB ,0,RM1599.00,Smartphones
https://www.lazada.com.my/products/xiaomi-mi-11-lite-5g-ne8gb128256gb-original-xiaomi-malaysia-i2063198705.html,XIAOMI MI 11 LITE  5G NE(8GB+128/256GB) *ORIGINAL XIAOMI MALAYSIA*,MI 11 LITE Pink ,0,RM1139.00,Smartphones
https://www.lazada.com.my/products/xiaomi-mi-11-lite-5g-ne8gb128256gb-original-xiaomi-malaysia-i2063198705.html,XIAOMI MI 11 LITE  5G NE(8GB+128/256GB) *ORIGINAL XIAOMI MALAYSIA*,11 LITE5GPINK 256GB ,0,RM1599.00,Smartphones
https://www.lazada.com.my/products/xiaomi-mi-11-lite-5g-ne8gb128256gb-original-xiaomi-malaysia-i2063198705.html,XIAOMI MI 11 LITE  5G NE(8GB+128/256GB) *ORIGINAL XIAOMI MALAYSIA*,11 LITE5GWHITE 256GB ,0,RM1599.00,Smartphones
https://www.lazada.com.my/products/xiaomi-mi-11-lite-5g-ne8gb128256gb-original-xiaomi-malaysia-i2063198705.html,XIAOMI MI 11 LITE  5G NE(8GB+128/256GB) *ORIGINAL XIAOMI MALAYSIA*,MI 11 LITE Black ,0,RM1139.00,Smartphones
https://www.lazada.com.my/products/xiaomi-mi-11-lite-5g-ne8gb128256gb-original-xiaomi-malaysia-i2063198705.html,XIAOMI MI 11 LITE  5G NE(8GB+128/256GB) *ORIGINAL XIAOMI MALAYSIA*,11 LITE5GBLACK 128GB ,0,RM1399.00,Smartphones
https://www.lazada.com.my/products/xiaomi-mi-11-lite-5g-ne8gb128256gb-original-xiaomi-malaysia-i2063198705.html,XIAOMI MI 11 LITE  5G NE(8GB+128/256GB) *ORIGINAL XIAOMI MALAYSIA*,11 LITE5G BLUE 128GB ,0,RM1399.00,Smartphones
https://www.lazada.com.my/products/xiaomi-poco-x3-pro-8gb256gb-original-xiaomi-malaysia-i2061174728.html,XIAOMI POCO X3 PRO (8GB+256GB) ] *ORIGINAL XIAOMI MALAYSIA*,Metal Bronze 256GB ,0,RM1159.00,Smartphones
https://www.lazada.com.my/products/xiaomi-poco-x3-pro-8gb256gb-original-xiaomi-malaysia-i2061174728.html,XIAOMI POCO X3 PRO (8GB+256GB) ] *ORIGINAL XIAOMI MALAYSIA*,Frost Blue 256GB ,0,RM1159.00,Smartphones
https://www.lazada.com.my/products/apple-ipad-102-inch-9th-gen-wi-fi-i2477575777.html,Apple iPad 10.2-inch 9th Gen Wi-Fi,Silver 64GB ,0,RM1499.00,Tablets
https://www.lazada.com.my/products/apple-ipad-102-inch-9th-gen-wi-fi-i2477575777.html,Apple iPad 10.2-inch 9th Gen Wi-Fi,Silver 256GB ,1,RM2149.00,Tablets
https://www.lazada.com.my/products/apple-ipad-102-inch-9th-gen-wi-fi-i2477575777.html,Apple iPad 10.2-inch 9th Gen Wi-Fi,Space Grey 256GB ,4,RM2149.00,Tablets
https://www.lazada.com.my/products/apple-ipad-102-inch-9th-gen-wi-fi-i2477575777.html,Apple iPad 10.2-inch 9th Gen Wi-Fi,Space Grey 64GB ,0,RM1499.00,Tablets
https://www.lazada.com.my/products/apple-ipad-mini-6th-gen-wi-fi-i2481158753.html,Apple iPad mini 6th Gen Wi-Fi,Starlight 64GB ,15,RM2299.00,Tablets
https://www.lazada.com.my/products/apple-ipad-mini-6th-gen-wi-fi-i2481158753.html,Apple iPad mini 6th Gen Wi-Fi,Starlight 256GB ,1,RM2949.00,Tablets
https://www.lazada.com.my/products/apple-ipad-mini-6th-gen-wi-fi-i2481158753.html,Apple iPad mini 6th Gen Wi-Fi,Space Grey 64GB ,8,RM2299.00,Tablets
https://www.lazada.com.my/products/apple-ipad-mini-6th-gen-wi-fi-i2481158753.html,Apple iPad mini 6th Gen Wi-Fi,Pink 256GB ,1,RM2949.00,Tablets
https://www.lazada.com.my/products/apple-ipad-mini-6th-gen-wi-fi-i2481158753.html,Apple iPad mini 6th Gen Wi-Fi,Space Grey 256GB ,0,RM2949.00,Tablets
https://www.lazada.com.my/products/apple-ipad-mini-6th-gen-wi-fi-i2481158753.html,Apple iPad mini 6th Gen Wi-Fi,Pink 64GB ,28,RM2299.00,Tablets
https://www.lazada.com.my/products/apple-ipad-mini-6th-gen-wi-fi-i2481158753.html,Apple iPad mini 6th Gen Wi-Fi,Purple 64GB ,11,RM2299.00,Tablets
https://www.lazada.com.my/products/apple-ipad-mini-6th-gen-wi-fi-i2481158753.html,Apple iPad mini 6th Gen Wi-Fi,Purple 256GB ,0,RM2949.00,Tablets
https://www.lazada.com.my/products/apple-109-inch-4th-gen-ipad-air-wi-fi-2020-i1535068638.html,Apple 10.9-inch 4th Gen iPad Air Wi-Fi [2020],Space Grey 64GB ,0,RM2399.00,Tablets
https://www.lazada.com.my/products/apple-109-inch-4th-gen-ipad-air-wi-fi-2020-i1535068638.html,Apple 10.9-inch 4th Gen iPad Air Wi-Fi [2020],Silver 256GB ,0,RM3079.00,Tablets
https://www.lazada.com.my/products/apple-109-inch-4th-gen-ipad-air-wi-fi-2020-i1535068638.html,Apple 10.9-inch 4th Gen iPad Air Wi-Fi [2020],Sky Blue 256GB ,8,RM3079.00,Tablets
https://www.lazada.com.my/products/apple-109-inch-4th-gen-ipad-air-wi-fi-2020-i1535068638.html,Apple 10.9-inch 4th Gen iPad Air Wi-Fi [2020],Rose Gold 64GB ,0,RM2399.00,Tablets
https://www.lazada.com.my/products/apple-109-inch-4th-gen-ipad-air-wi-fi-2020-i1535068638.html,Apple 10.9-inch 4th Gen iPad Air Wi-Fi [2020],Green 256GB ,0,RM3079.00,Tablets
https://www.lazada.com.my/products/apple-109-inch-4th-gen-ipad-air-wi-fi-2020-i1535068638.html,Apple 10.9-inch 4th Gen iPad Air Wi-Fi [2020],Rose Gold 256GB ,0,RM3079.00,Tablets
https://www.lazada.com.my/products/apple-109-inch-4th-gen-ipad-air-wi-fi-2020-i1535068638.html,Apple 10.9-inch 4th Gen iPad Air Wi-Fi [2020],Sky Blue 64GB ,0,RM2399.00,Tablets
https://www.lazada.com.my/products/apple-109-inch-4th-gen-ipad-air-wi-fi-2020-i1535068638.html,Apple 10.9-inch 4th Gen iPad Air Wi-Fi [2020],Silver 64GB ,0,RM2399.00,Tablets
https://www.lazada.com.my/products/apple-109-inch-4th-gen-ipad-air-wi-fi-2020-i1535068638.html,Apple 10.9-inch 4th Gen iPad Air Wi-Fi [2020],Green 64GB ,0,RM2399.00,Tablets
https://www.lazada.com.my/products/apple-109-inch-4th-gen-ipad-air-wi-fi-2020-i1535068638.html,Apple 10.9-inch 4th Gen iPad Air Wi-Fi [2020],Space Grey 256GB ,0,RM3079.00,Tablets
https://www.lazada.com.my/products/apple-ipad-mini-6th-gen-wi-fi-cellular-i2481199636.html,Apple iPad mini 6th Gen Wi-Fi + Cellular,Space Grey 256GB ,0,RM3599.00,Tablets
https://www.lazada.com.my/products/apple-ipad-mini-6th-gen-wi-fi-cellular-i2481199636.html,Apple iPad mini 6th Gen Wi-Fi + Cellular,Starlight 64GB ,2,RM2949.00,Tablets
https://www.lazada.com.my/products/apple-ipad-mini-6th-gen-wi-fi-cellular-i2481199636.html,Apple iPad mini 6th Gen Wi-Fi + Cellular,Starlight 256GB ,1,RM3599.00,Tablets
https://www.lazada.com.my/products/apple-ipad-mini-6th-gen-wi-fi-cellular-i2481199636.html,Apple iPad mini 6th Gen Wi-Fi + Cellular,Purple 64GB ,1,RM2949.00,Tablets
https://www.lazada.com.my/products/apple-ipad-mini-6th-gen-wi-fi-cellular-i2481199636.html,Apple iPad mini 6th Gen Wi-Fi + Cellular,Space Grey 64GB ,1,RM2949.00,Tablets
https://www.lazada.com.my/products/apple-ipad-mini-6th-gen-wi-fi-cellular-i2481199636.html,Apple iPad mini 6th Gen Wi-Fi + Cellular,Pink 64GB ,0,RM2949.00,Tablets
https://www.lazada.com.my/products/apple-ipad-mini-6th-gen-wi-fi-cellular-i2481199636.html,Apple iPad mini 6th Gen Wi-Fi + Cellular,Pink 256GB ,0,RM3599.00,Tablets
https://www.lazada.com.my/products/apple-ipad-mini-6th-gen-wi-fi-cellular-i2481199636.html,Apple iPad mini 6th Gen Wi-Fi + Cellular,Purple 256GB ,0,RM3599.00,Tablets
https://www.lazada.com.my/products/apple-11-inch-ipad-pro-3rd-gen-wi-fi-i2115988291.html,Apple 11-inch iPad Pro 3rd Gen Wi-Fi,Silver 128GB ,0,RM3499.00,Tablets
https://www.lazada.com.my/products/apple-11-inch-ipad-pro-3rd-gen-wi-fi-i2115988291.html,Apple 11-inch iPad Pro 3rd Gen Wi-Fi,Space Grey 2TB ,0,RM8449.00,Tablets
https://www.lazada.com.my/products/apple-11-inch-ipad-pro-3rd-gen-wi-fi-i2115988291.html,Apple 11-inch iPad Pro 3rd Gen Wi-Fi,Silver 512GB ,0,RM4849.00,Tablets
https://www.lazada.com.my/products/apple-11-inch-ipad-pro-3rd-gen-wi-fi-i2115988291.html,Apple 11-inch iPad Pro 3rd Gen Wi-Fi,Space Grey 512GB ,0,RM4849.00,Tablets
https://www.lazada.com.my/products/apple-11-inch-ipad-pro-3rd-gen-wi-fi-i2115988291.html,Apple 11-inch iPad Pro 3rd Gen Wi-Fi,Space Grey 128GB ,0,RM3499.00,Tablets
https://www.lazada.com.my/products/apple-11-inch-ipad-pro-3rd-gen-wi-fi-i2115988291.html,Apple 11-inch iPad Pro 3rd Gen Wi-Fi,Space Grey 256GB ,0,RM3949.00,Tablets
https://www.lazada.com.my/products/apple-11-inch-ipad-pro-3rd-gen-wi-fi-i2115988291.html,Apple 11-inch iPad Pro 3rd Gen Wi-Fi,Silver 256GB ,0,RM3949.00,Tablets
https://www.lazada.com.my/products/apple-11-inch-ipad-pro-3rd-gen-wi-fi-i2115988291.html,Apple 11-inch iPad Pro 3rd Gen Wi-Fi,Silver 2TB ,0,RM8449.00,Tablets
https://www.lazada.com.my/products/apple-11-inch-ipad-pro-3rd-gen-wi-fi-i2115988291.html,Apple 11-inch iPad Pro 3rd Gen Wi-Fi,Space Grey 1TB ,0,RM6649.00,Tablets
https://www.lazada.com.my/products/apple-11-inch-ipad-pro-3rd-gen-wi-fi-i2115988291.html,Apple 11-inch iPad Pro 3rd Gen Wi-Fi,Silver 1TB ,0,RM6649.00,Tablets
https://www.lazada.com.my/products/2020-apple-11-inch-ipad-pro-wifi-256gb-i1052774668.html,(2020) Apple 11-inch iPad Pro Wi‑Fi 256GB,Silver 256GB ,0,RM3949.00,Tablets
https://www.lazada.com.my/products/2020-apple-11-inch-ipad-pro-wifi-256gb-i1052774668.html,(2020) Apple 11-inch iPad Pro Wi‑Fi 256GB,Grey 256GB ,0,RM3949.00,Tablets
https://www.lazada.com.my/products/2020-ipad-pro-11-inch-wifi-512gb-i1052794976.html,[2020] iPad Pro 11-inch Wi‑Fi 512GB,Silver 512GB ,0,RM4849.00,Tablets
https://www.lazada.com.my/products/apple-ipad-mini-wi-fi-5th-gen-i483850515.html,Apple iPad mini Wi-Fi 5th Gen,Space Grey 64GB ,0,RM1699.00,Tablets
https://www.lazada.com.my/products/apple-ipad-mini-wi-fi-5th-gen-i483850515.html,Apple iPad mini Wi-Fi 5th Gen,Silver 64GB ,0,RM1699.00,Tablets
https://www.lazada.com.my/products/apple-ipad-mini-wi-fi-5th-gen-i483850515.html,Apple iPad mini Wi-Fi 5th Gen,Space Grey 256GB ,0,RM2349.00,Tablets
https://www.lazada.com.my/products/apple-ipad-mini-wi-fi-5th-gen-i483850515.html,Apple iPad mini Wi-Fi 5th Gen,Silver 256GB ,0,RM2349.00,Tablets
https://www.lazada.com.my/products/apple-ipad-mini-wi-fi-5th-gen-i483850515.html,Apple iPad mini Wi-Fi 5th Gen,Gold 64GB ,0,RM1699.00,Tablets
https://www.lazada.com.my/products/apple-ipad-mini-wi-fi-5th-gen-i483850515.html,Apple iPad mini Wi-Fi 5th Gen,Gold 256GB ,1,RM2349.00,Tablets
https://www.lazada.com.my/products/apple-129-inch-ipad-pro-5th-gen-wi-fi-i2116051504.html,Apple 12.9-inch iPad Pro 5th Gen Wi-Fi,Space Grey 128GB ,0,RM4799.00,Tablets
https://www.lazada.com.my/products/apple-129-inch-ipad-pro-5th-gen-wi-fi-i2116051504.html,Apple 12.9-inch iPad Pro 5th Gen Wi-Fi,Silver 256GB ,0,RM5249.00,Tablets
https://www.lazada.com.my/products/apple-129-inch-ipad-pro-5th-gen-wi-fi-i2116051504.html,Apple 12.9-inch iPad Pro 5th Gen Wi-Fi,Space Grey 512GB ,0,RM6149.00,Tablets
https://www.lazada.com.my/products/apple-129-inch-ipad-pro-5th-gen-wi-fi-i2116051504.html,Apple 12.9-inch iPad Pro 5th Gen Wi-Fi,Silver 512GB ,0,RM6149.00,Tablets
https://www.lazada.com.my/products/apple-129-inch-ipad-pro-5th-gen-wi-fi-i2116051504.html,Apple 12.9-inch iPad Pro 5th Gen Wi-Fi,Silver 2TB ,0,RM9749.00,Tablets
https://www.lazada.com.my/products/apple-129-inch-ipad-pro-5th-gen-wi-fi-i2116051504.html,Apple 12.9-inch iPad Pro 5th Gen Wi-Fi,Space Grey 256GB ,0,RM5249.00,Tablets
https://www.lazada.com.my/products/apple-129-inch-ipad-pro-5th-gen-wi-fi-i2116051504.html,Apple 12.9-inch iPad Pro 5th Gen Wi-Fi,Silver 1TB ,0,RM7949.00,Tablets
https://www.lazada.com.my/products/apple-129-inch-ipad-pro-5th-gen-wi-fi-i2116051504.html,Apple 12.9-inch iPad Pro 5th Gen Wi-Fi,Space Grey 2TB ,0,RM9749.00,Tablets
https://www.lazada.com.my/products/apple-129-inch-ipad-pro-5th-gen-wi-fi-i2116051504.html,Apple 12.9-inch iPad Pro 5th Gen Wi-Fi,Silver 128GB ,0,RM4799.00,Tablets
https://www.lazada.com.my/products/apple-129-inch-ipad-pro-5th-gen-wi-fi-i2116051504.html,Apple 12.9-inch iPad Pro 5th Gen Wi-Fi,Space Grey 1TB ,0,RM7949.00,Tablets
https://www.lazada.com.my/products/apple-ipad-8th-gen-102-inch-ipad-wi-fi-cellular-i1515840490.html,Apple iPad 8th Gen 10.2-inch iPad Wi-Fi + Cellular,Silver 128GB ,0,RM2399.00,Tablets
https://www.lazada.com.my/products/apple-ipad-8th-gen-102-inch-ipad-wi-fi-cellular-i1515840490.html,Apple iPad 8th Gen 10.2-inch iPad Wi-Fi + Cellular,Gold 128GB ,0,RM2399.00,Tablets
https://www.lazada.com.my/products/apple-ipad-8th-gen-102-inch-ipad-wi-fi-cellular-i1515840490.html,Apple iPad 8th Gen 10.2-inch iPad Wi-Fi + Cellular,Gold 32GB ,0,RM1999.00,Tablets
https://www.lazada.com.my/products/apple-ipad-8th-gen-102-inch-ipad-wi-fi-cellular-i1515840490.html,Apple iPad 8th Gen 10.2-inch iPad Wi-Fi + Cellular,Space Grey 32GB ,0,RM1999.00,Tablets
https://www.lazada.com.my/products/apple-ipad-8th-gen-102-inch-ipad-wi-fi-cellular-i1515840490.html,Apple iPad 8th Gen 10.2-inch iPad Wi-Fi + Cellular,Space Grey 128GB ,0,RM2399.00,Tablets
https://www.lazada.com.my/products/apple-ipad-8th-gen-102-inch-ipad-wi-fi-cellular-i1515840490.html,Apple iPad 8th Gen 10.2-inch iPad Wi-Fi + Cellular,Silver 32GB ,0,RM1999.00,Tablets
https://www.lazada.com.my/products/2020-apple-11-inch-ipad-pro-wifi-cellular-128gb-i1052852430.html,(2020) Apple 11-inch iPad Pro Wi‑Fi + Cellular 128GB,Grey 128GB ,0,RM4149.00,Tablets
https://www.lazada.com.my/products/apple-11-inch-ipad-pro-3rd-gen-wi-fi-cellular-i2115973521.html,Apple 11-inch iPad Pro 3rd Gen Wi-Fi + Cellular,Space Grey 128GB ,0,RM4149.00,Tablets
https://www.lazada.com.my/products/apple-11-inch-ipad-pro-3rd-gen-wi-fi-cellular-i2115973521.html,Apple 11-inch iPad Pro 3rd Gen Wi-Fi + Cellular,Space Grey 512GB ,0,RM5499.00,Tablets
https://www.lazada.com.my/products/apple-11-inch-ipad-pro-3rd-gen-wi-fi-cellular-i2115973521.html,Apple 11-inch iPad Pro 3rd Gen Wi-Fi + Cellular,Space Grey 256GB ,0,RM4599.00,Tablets
https://www.lazada.com.my/products/apple-11-inch-ipad-pro-3rd-gen-wi-fi-cellular-i2115973521.html,Apple 11-inch iPad Pro 3rd Gen Wi-Fi + Cellular,Silver 2TB ,0,RM9099.00,Tablets
https://www.lazada.com.my/products/apple-11-inch-ipad-pro-3rd-gen-wi-fi-cellular-i2115973521.html,Apple 11-inch iPad Pro 3rd Gen Wi-Fi + Cellular,Silver 128GB ,0,RM4149.00,Tablets
https://www.lazada.com.my/products/apple-11-inch-ipad-pro-3rd-gen-wi-fi-cellular-i2115973521.html,Apple 11-inch iPad Pro 3rd Gen Wi-Fi + Cellular,Silver 512GB ,0,RM5499.00,Tablets
https://www.lazada.com.my/products/apple-11-inch-ipad-pro-3rd-gen-wi-fi-cellular-i2115973521.html,Apple 11-inch iPad Pro 3rd Gen Wi-Fi + Cellular,Silver 1TB ,0,RM7299.00,Tablets
https://www.lazada.com.my/products/apple-11-inch-ipad-pro-3rd-gen-wi-fi-cellular-i2115973521.html,Apple 11-inch iPad Pro 3rd Gen Wi-Fi + Cellular,Silver 256GB ,0,RM4599.00,Tablets
https://www.lazada.com.my/products/apple-11-inch-ipad-pro-3rd-gen-wi-fi-cellular-i2115973521.html,Apple 11-inch iPad Pro 3rd Gen Wi-Fi + Cellular,Space Grey 1TB ,0,RM7299.00,Tablets
https://www.lazada.com.my/products/apple-11-inch-ipad-pro-3rd-gen-wi-fi-cellular-i2115973521.html,Apple 11-inch iPad Pro 3rd Gen Wi-Fi + Cellular,Space Grey 2TB ,0,RM9099.00,Tablets
https://www.lazada.com.my/products/apple-129-inch-ipad-pro-5th-gen-wi-fi-cellular-i2116141204.html,Apple 12.9-inch iPad Pro 5th Gen Wi-Fi + Cellular,Space Grey 1TB ,0,RM8599.00,Tablets
https://www.lazada.com.my/products/apple-129-inch-ipad-pro-5th-gen-wi-fi-cellular-i2116141204.html,Apple 12.9-inch iPad Pro 5th Gen Wi-Fi + Cellular,Silver 128GB ,0,RM5449.00,Tablets
https://www.lazada.com.my/products/apple-129-inch-ipad-pro-5th-gen-wi-fi-cellular-i2116141204.html,Apple 12.9-inch iPad Pro 5th Gen Wi-Fi + Cellular,Space Grey 256GB ,0,RM5899.00,Tablets
https://www.lazada.com.my/products/apple-129-inch-ipad-pro-5th-gen-wi-fi-cellular-i2116141204.html,Apple 12.9-inch iPad Pro 5th Gen Wi-Fi + Cellular,Space Grey 128GB ,0,RM5449.00,Tablets
https://www.lazada.com.my/products/apple-129-inch-ipad-pro-5th-gen-wi-fi-cellular-i2116141204.html,Apple 12.9-inch iPad Pro 5th Gen Wi-Fi + Cellular,Silver 256GB ,0,RM5899.00,Tablets
https://www.lazada.com.my/products/apple-129-inch-ipad-pro-5th-gen-wi-fi-cellular-i2116141204.html,Apple 12.9-inch iPad Pro 5th Gen Wi-Fi + Cellular,Silver 512GB ,0,RM6799.00,Tablets
https://www.lazada.com.my/products/apple-129-inch-ipad-pro-5th-gen-wi-fi-cellular-i2116141204.html,Apple 12.9-inch iPad Pro 5th Gen Wi-Fi + Cellular,Space Grey 2TB ,0,RM10399.00,Tablets
https://www.lazada.com.my/products/apple-129-inch-ipad-pro-5th-gen-wi-fi-cellular-i2116141204.html,Apple 12.9-inch iPad Pro 5th Gen Wi-Fi + Cellular,Silver 1TB ,0,RM8599.00,Tablets
https://www.lazada.com.my/products/apple-129-inch-ipad-pro-5th-gen-wi-fi-cellular-i2116141204.html,Apple 12.9-inch iPad Pro 5th Gen Wi-Fi + Cellular,Space Grey 512GB ,0,RM6799.00,Tablets
https://www.lazada.com.my/products/apple-129-inch-ipad-pro-5th-gen-wi-fi-cellular-i2116141204.html,Apple 12.9-inch iPad Pro 5th Gen Wi-Fi + Cellular,Silver 2TB ,0,RM10399.00,Tablets
https://www.lazada.com.my/products/apple-ipad-102-inch-9th-gen-wi-fi-cellular-2021-i2477645457.html,Apple iPad 10.2-inch 9th Gen Wi-Fi + Cellular (2021),Silver 256GB ,0,RM2769.00,Tablets
https://www.lazada.com.my/products/apple-ipad-102-inch-9th-gen-wi-fi-cellular-2021-i2477645457.html,Apple iPad 10.2-inch 9th Gen Wi-Fi + Cellular (2021),Silver 64GB ,0,RM2119.00,Tablets
https://www.lazada.com.my/products/apple-ipad-102-inch-9th-gen-wi-fi-cellular-2021-i2477645457.html,Apple iPad 10.2-inch 9th Gen Wi-Fi + Cellular (2021),Space Grey 64GB ,2,RM2119.00,Tablets
https://www.lazada.com.my/products/apple-ipad-102-inch-9th-gen-wi-fi-cellular-2021-i2477645457.html,Apple iPad 10.2-inch 9th Gen Wi-Fi + Cellular (2021),Space Grey 256GB ,0,RM2769.00,Tablets
https://www.lazada.com.my/products/apple-109-inch-ipad-air-5th-gen-wi-fi-2022-i2913574680.html,Apple 10.9-inch iPad Air 5th Gen Wi-Fi [2022],Pink 256GB ,0,RM3349.00,Tablets
https://www.lazada.com.my/products/apple-109-inch-ipad-air-5th-gen-wi-fi-2022-i2913574680.html,Apple 10.9-inch iPad Air 5th Gen Wi-Fi [2022],Purple 256GB ,0,RM3349.00,Tablets
https://www.lazada.com.my/products/apple-109-inch-ipad-air-5th-gen-wi-fi-2022-i2913574680.html,Apple 10.9-inch iPad Air 5th Gen Wi-Fi [2022],Purple 64GB ,0,RM2699.00,Tablets
https://www.lazada.com.my/products/apple-109-inch-ipad-air-5th-gen-wi-fi-2022-i2913574680.html,Apple 10.9-inch iPad Air 5th Gen Wi-Fi [2022],Space Grey 256GB ,0,RM3349.00,Tablets
https://www.lazada.com.my/products/apple-109-inch-ipad-air-5th-gen-wi-fi-2022-i2913574680.html,Apple 10.9-inch iPad Air 5th Gen Wi-Fi [2022],Pink 64GB ,0,RM2699.00,Tablets
https://www.lazada.com.my/products/apple-109-inch-ipad-air-5th-gen-wi-fi-2022-i2913574680.html,Apple 10.9-inch iPad Air 5th Gen Wi-Fi [2022],Starlight 256GB ,1,RM3349.00,Tablets
https://www.lazada.com.my/products/apple-109-inch-ipad-air-5th-gen-wi-fi-2022-i2913574680.html,Apple 10.9-inch iPad Air 5th Gen Wi-Fi [2022],Blue 256GB ,1,RM3349.00,Tablets
https://www.lazada.com.my/products/apple-109-inch-ipad-air-5th-gen-wi-fi-2022-i2913574680.html,Apple 10.9-inch iPad Air 5th Gen Wi-Fi [2022],Space Grey 64GB ,0,RM2699.00,Tablets
https://www.lazada.com.my/products/apple-109-inch-ipad-air-5th-gen-wi-fi-2022-i2913574680.html,Apple 10.9-inch iPad Air 5th Gen Wi-Fi [2022],Blue 64GB ,1,RM2699.00,Tablets
https://www.lazada.com.my/products/apple-109-inch-ipad-air-5th-gen-wi-fi-2022-i2913574680.html,Apple 10.9-inch iPad Air 5th Gen Wi-Fi [2022],Starlight 64GB ,0,RM2699.00,Tablets
https://www.lazada.com.my/products/apple-109-inch-ipad-air-5th-gen-wi-fi-cellular-2022-i2913772708.html,Apple 10.9-inch iPad Air 5th Gen Wi-Fi + Cellular [2022],Space Grey 64GB ,0,RM3349.00,Tablets
https://www.lazada.com.my/products/apple-109-inch-ipad-air-5th-gen-wi-fi-cellular-2022-i2913772708.html,Apple 10.9-inch iPad Air 5th Gen Wi-Fi + Cellular [2022],Starlight 256GB ,0,RM3999.00,Tablets
https://www.lazada.com.my/products/apple-109-inch-ipad-air-5th-gen-wi-fi-cellular-2022-i2913772708.html,Apple 10.9-inch iPad Air 5th Gen Wi-Fi + Cellular [2022],Purple 64GB ,0,RM3349.00,Tablets
https://www.lazada.com.my/products/apple-109-inch-ipad-air-5th-gen-wi-fi-cellular-2022-i2913772708.html,Apple 10.9-inch iPad Air 5th Gen Wi-Fi + Cellular [2022],Space Grey 256GB ,0,RM3999.00,Tablets
https://www.lazada.com.my/products/apple-109-inch-ipad-air-5th-gen-wi-fi-cellular-2022-i2913772708.html,Apple 10.9-inch iPad Air 5th Gen Wi-Fi + Cellular [2022],Blue 256GB ,0,RM3999.00,Tablets
https://www.lazada.com.my/products/apple-109-inch-ipad-air-5th-gen-wi-fi-cellular-2022-i2913772708.html,Apple 10.9-inch iPad Air 5th Gen Wi-Fi + Cellular [2022],Pink 256GB ,0,RM3999.00,Tablets
https://www.lazada.com.my/products/apple-109-inch-ipad-air-5th-gen-wi-fi-cellular-2022-i2913772708.html,Apple 10.9-inch iPad Air 5th Gen Wi-Fi + Cellular [2022],Pink 64GB ,0,RM3349.00,Tablets
https://www.lazada.com.my/products/apple-109-inch-ipad-air-5th-gen-wi-fi-cellular-2022-i2913772708.html,Apple 10.9-inch iPad Air 5th Gen Wi-Fi + Cellular [2022],Blue 64GB ,0,RM3349.00,Tablets
https://www.lazada.com.my/products/apple-109-inch-ipad-air-5th-gen-wi-fi-cellular-2022-i2913772708.html,Apple 10.9-inch iPad Air 5th Gen Wi-Fi + Cellular [2022],Purple 256GB ,0,RM3999.00,Tablets
https://www.lazada.com.my/products/apple-109-inch-ipad-air-5th-gen-wi-fi-cellular-2022-i2913772708.html,Apple 10.9-inch iPad Air 5th Gen Wi-Fi + Cellular [2022],Starlight 64GB ,0,RM3349.00,Tablets
https://www.lazada.com.my/products/apple-109-inch-4th-gen-ipad-air-wi-fi-cellular-2020-i1577552930.html,Apple 10.9 Inch 4th Gen iPad Air Wi-Fi + Cellular [2020],Silver 64GB ,0,RM3149.00,Tablets
https://www.lazada.com.my/products/apple-109-inch-4th-gen-ipad-air-wi-fi-cellular-2020-i1577552930.html,Apple 10.9 Inch 4th Gen iPad Air Wi-Fi + Cellular [2020],Rose Gold 256GB ,0,RM3799.00,Tablets
https://www.lazada.com.my/products/apple-109-inch-4th-gen-ipad-air-wi-fi-cellular-2020-i1577552930.html,Apple 10.9 Inch 4th Gen iPad Air Wi-Fi + Cellular [2020],Rose Gold 64GB ,0,RM3149.00,Tablets
https://www.lazada.com.my/products/apple-109-inch-4th-gen-ipad-air-wi-fi-cellular-2020-i1577552930.html,Apple 10.9 Inch 4th Gen iPad Air Wi-Fi + Cellular [2020],Silver 256GB ,0,RM3799.00,Tablets
https://www.lazada.com.my/products/apple-109-inch-4th-gen-ipad-air-wi-fi-cellular-2020-i1577552930.html,Apple 10.9 Inch 4th Gen iPad Air Wi-Fi + Cellular [2020],Space Grey 256GB ,0,RM3799.00,Tablets
https://www.lazada.com.my/products/apple-109-inch-4th-gen-ipad-air-wi-fi-cellular-2020-i1577552930.html,Apple 10.9 Inch 4th Gen iPad Air Wi-Fi + Cellular [2020],Green 64GB ,0,RM3149.00,Tablets
https://www.lazada.com.my/products/apple-109-inch-4th-gen-ipad-air-wi-fi-cellular-2020-i1577552930.html,Apple 10.9 Inch 4th Gen iPad Air Wi-Fi + Cellular [2020],Sky Blue 256GB ,0,RM3799.00,Tablets
https://www.lazada.com.my/products/apple-109-inch-4th-gen-ipad-air-wi-fi-cellular-2020-i1577552930.html,Apple 10.9 Inch 4th Gen iPad Air Wi-Fi + Cellular [2020],Space Grey 64GB ,2,RM3149.00,Tablets
https://www.lazada.com.my/products/apple-109-inch-4th-gen-ipad-air-wi-fi-cellular-2020-i1577552930.html,Apple 10.9 Inch 4th Gen iPad Air Wi-Fi + Cellular [2020],Green 256GB ,0,RM3799.00,Tablets
https://www.lazada.com.my/products/apple-109-inch-4th-gen-ipad-air-wi-fi-cellular-2020-i1577552930.html,Apple 10.9 Inch 4th Gen iPad Air Wi-Fi + Cellular [2020],Sky Blue 64GB ,0,RM3149.00,Tablets
https://www.lazada.com.my/products/honor-magicbook-x15-i3-2021-space-grey-8gb-ram-256gb-original-1-year-warranty-by-honor-malaysia-i2608649455.html,HONOR MagicBook X15 i3 2021 Space Grey 8GB RAM 256GB (Original) 1 Year Warranty by Honor Malaysia,Space Grey ,1,RM2299.00,Traditional Laptops
https://www.lazada.com.my/products/honor-magicbook-x15-i5-2021-space-grey-8gb-ram-512gb-original-1-year-warranty-by-honor-malaysia-i2608693196.html,HONOR MagicBook X15 i5 2021 Space Grey 8GB RAM 512GB (Original) 1 Year Warranty by Honor Malaysia,Space Grey ,3,RM2899.00,Traditional Laptops
https://www.lazada.com.my/products/huawei-matebook-13-i5-space-gray-16gb-ram-512gb-free-huawei-wireless-mouse-huawei-laptop-bag-original-1-year-warranty-by-huawei-malaysia-i2526450141.html,Huawei MateBook 13 i5 Space Gray 16GB RAM 512GB + FREE Huawei Wireless Mouse / Huawei Laptop Bag (Original) 1 Year Warranty by Huawei Malaysia,Grey ,0,RM4499.00,Traditional Laptops
https://www.lazada.com.my/products/huawei-matebook-d-15-11th-i5-2021-mystic-silver-16gb-ram-512gb-original-2-year-warranty-by-huawei-malaysia-i2139807550.html,Huawei MateBook D 15 11th i5 2021 Mystic Silver 16GB RAM 512GB (Original) 2 Year Warranty by Huawei Malaysia,Silver ,0,RM3899.00,Traditional Laptops
https://www.lazada.com.my/products/huawei-matebook-d-15-10th-i5-2021-mystic-silver-16gb-ram-512gb-original-1-year-warranty-by-huawei-malaysia-i2139687891.html,Huawei MateBook D 15 10th i5 2021 Mystic Silver 16GB RAM 512GB (Original) 1 Year Warranty by Huawei Malaysia,Grey ,0,RM3299.00,Traditional Laptops
https://www.lazada.com.my/products/huawei-matebook-d14-i5-mystic-silver-8gb-ram-512gb-original-1-year-warranty-by-huawei-malaysia-i2040342044.html,Huawei MateBook D14 i5 Mystic Silver 8GB RAM 512GB (Original) 1 Year Warranty by Huawei Malaysia,Silver ,0,RM3399.00,Traditional Laptops
https://www.lazada.com.my/products/huawei-matebook-d15-10th-i5-2021-mystic-silver-8gb-ram-512gb-original-1-year-warranty-by-huawei-malaysia-i2545907474.html,Huawei MateBook D15 10th i5 2021 Mystic Silver 8GB RAM 512GB (Original) 1 Year Warranty by Huawei Malaysia,Mystic Silver ,1,RM2999.00,Traditional Laptops
https://www.lazada.com.my/products/huawei-matebook-x-pro-i5-2021-emerald-green-16gb-ram-512g-original-1-year-warranty-by-huawei-malaysia-i2139821599.html,Huawei MateBook X Pro i5 2021 Emerald Green 16GB RAM + 512G (Original) 1 Year Warranty By Huawei Malaysia,Emerald Green ,5,RM6899.00,Traditional Laptops
https://www.lazada.com.my/products/realme-book-11th-i5-2021-8gb-ram-512gb-original-2-years-warranty-by-realme-malaysia-i2438141140.html,Realme Book 11th i5 2021 8GB RAM 512GB (Original) 2 Years Warranty by Realme Malaysia,Grey ,2,RM3499.00,Traditional Laptops
https://www.lazada.com.my/products/realme-book-11th-i5-2021-8gb-ram-512gb-original-2-years-warranty-by-realme-malaysia-i2438141140.html,Realme Book 11th i5 2021 8GB RAM 512GB (Original) 2 Years Warranty by Realme Malaysia,Blue ,2,RM3499.00,Traditional Laptops
